DATAFLOW,REF_AREA:Geographic area,INDICATOR:Indicator,SEX:Sex,WEALTH_QUINTILE:Wealth Quintile,SERIES_NAME:Series Name,SERIES_YEAR:Series Year,TIME_PERIOD:Time period,OBS_VALUE:Observation Value,REGIONAL_GROUP:Regional group,COUNTRY_NOTES:Country notes,CONNECTION:Connection,DEATH_CATEGORY:Death category,CATEGORY:Category,OBS_STATUS:Observation Status,UNIT_MEASURE:Unit of measure,SERIES_CATEGORY:Series Category,SERIES_TYPE:Series Type,STD_ERR:Standard Error,REF_DATE:Reference Date,AGE_GROUP_OF_WOMEN:Age Group of Women,TIME_SINCE_FIRST_BIRTH:Time Since First Birth,DEFINITION:Definition,INTERVAL:Interval,SERIES_METHOD:Series Method,LOWER_BOUND:Lower Bound,UPPER_BOUND:Upper Bound,STATUS:Status,YEAR_TO_ACHIEVE:Year to achieve,MODEL:Model Used
UNICEF:CME_DF_2021_WQ(1.0): IGME Child Mortality Estimates wq,FJI: Fiji,MRY0T4: Under-five mortality rate,_T: Total,_T: Total,UN_IGME: UN IGME estimate,2021: 2021,1940-06,145.717169125253,,,,,,A: Normal value,D_PER_1000_B: Deaths per 1000 live births,,,,1940.5,,,,1,,109.73154552081,197.230640132495,,,B3: B3
UNICEF:CME_DF_2021_WQ(1.0): IGME Child Mortality Estimates wq,FJI: Fiji,MRY0T4: Under-five mortality rate,_T: Total,_T: Total,UN_IGME: UN IGME estimate,2021: 2021,1941-06,144.500654494149,,,,,,A: Normal value,D_PER_1000_B: Deaths per 1000 live births,,,,1941.5,,,,1,,113.364259089299,187.480854686417,,,B3: B3
UNICEF:CME_DF_2021_WQ(1.0): IGME Child Mortality Estimates wq,FJI: Fiji,MRY0T4: Under-five mortality rate,_T: Total,_T: Total,UN_IGME: UN IGME estimate,2021: 2021,1942-06,143.222905554531,,,,,,A: Normal value,D_PER_1000_B: Deaths per 1000 live births,,,,1942.5,,,,1,,116.476464304774,179.569610888793,,,B3: B3
UNICEF:CME_DF_2021_WQ(1.0): IGME Child Mortality Estimates wq,FJI: Fiji,MRY0T4: Under-five mortality rate,_T: Total,_T: Total,UN_IGME: UN IGME estimate,2021: 2021,1943-06,141.773590498608,,,,,,A: Normal value,D_PER_1000_B: Deaths per 1000 live births,,,,1943.5,,,,1,,118.564120533593,172.45288935468,,,B3: B3
UNICEF:CME_DF_2021_WQ(1.0): IGME Child Mortality Estimates wq,FJI: Fiji,MRY0T4: Under-five mortality rate,_T: Total,_T: Total,UN_IGME: UN IGME estimate,2021: 2021,1944-06,140.260454505737,,,,,,A: Normal value,D_PER_1000_B: Deaths per 1000 live births,,,,1944.5,,,,1,,120.169015411806,166.591884426041,,,B3: B3
UNICEF:CME_DF_2021_WQ(1.0): IGME Child Mortality Estimates wq,FJI: Fiji,MRY0T4: Under-five mortality rate,_T: Total,_T: Total,UN_IGME: UN IGME estimate,2021: 2021,1945-06,138.828783326081,,,,,,A: Normal value,D_PER_1000_B: Deaths per 1000 live births,,,,1945.5,,,,1,,120.867690260865,161.755485125011,,,B3: B3
UNICEF:CME_DF_2021_WQ(1.0): IGME Child Mortality Estimates wq,FJI: Fiji,MRY0T4: Under-five mortality rate,_T: Total,_T: Total,UN_IGME: UN IGME estimate,2021: 2021,1946-06,136.965215506318,,,,,,A: Normal value,D_PER_1000_B: Deaths per 1000 live births,,,,1946.5,,,,1,,121.066295777051,157.391250482991,,,B3: B3
UNICEF:CME_DF_2021_WQ(1.0): IGME Child Mortality Estimates wq,FJI: Fiji,MRY0T4: Under-five mortality rate,_T: Total,_T: Total,UN_IGME: UN IGME estimate,2021: 2021,1947-06,135.034598487457,,,,,,A: Normal value,D_PER_1000_B: Deaths per 1000 live births,,,,1947.5,,,,1,,120.458720152109,153.175267834781,,,B3: B3
UNICEF:CME_DF_2021_WQ(1.0): IGME Child Mortality Estimates wq,FJI: Fiji,MRY0T4: Under-five mortality rate,_T: Total,_T: Total,UN_IGME: UN IGME estimate,2021: 2021,1948-06,132.71872800128,,,,,,A: Normal value,D_PER_1000_B: Deaths per 1000 live births,,,,1948.5,,,,1,,119.117379239527,149.020303764444,,,B3: B3
UNICEF:CME_DF_2021_WQ(1.0): IGME Child Mortality Estimates wq,FJI: Fiji,MRY0T4: Under-five mortality rate,_T: Total,_T: Total,UN_IGME: UN IGME estimate,2021: 2021,1949-06,129.725173899465,,,,,,A: Normal value,D_PER_1000_B: Deaths per 1000 live births,,,,1949.5,,,,1,,116.769205507128,144.526880274078,,,B3: B3
UNICEF:CME_DF_2021_WQ(1.0): IGME Child Mortality Estimates wq,FJI: Fiji,MRY0T4: Under-five mortality rate,_T: Total,_T: Total,UN_IGME: UN IGME estimate,2021: 2021,1950-06,126.123224775784,,,,,,A: Normal value,D_PER_1000_B: Deaths per 1000 live births,,,,1950.5,,,,1,,113.736203899758,139.881105728431,,,B3: B3
UNICEF:CME_DF_2021_WQ(1.0): IGME Child Mortality Estimates wq,FJI: Fiji,MRY0T4: Under-five mortality rate,_T: Total,_T: Total,UN_IGME: UN IGME estimate,2021: 2021,1951-06,121.821131475557,,,,,,A: Normal value,D_PER_1000_B: Deaths per 1000 live births,,,,1951.5,,,,1,,109.960567219892,134.819939794562,,,B3: B3
UNICEF:CME_DF_2021_WQ(1.0): IGME Child Mortality Estimates wq,FJI: Fiji,MRY0T4: Under-five mortality rate,_T: Total,_T: Total,UN_IGME: UN IGME estimate,2021: 2021,1952-06,116.840061828198,,,,,,A: Normal value,D_PER_1000_B: Deaths per 1000 live births,,,,1952.5,,,,1,,105.686703998313,129.347703024088,,,B3: B3
UNICEF:CME_DF_2021_WQ(1.0): IGME Child Mortality Estimates wq,FJI: Fiji,MRY0T4: Under-five mortality rate,_T: Total,_T: Total,UN_IGME: UN IGME estimate,2021: 2021,1953-06,111.675682368033,,,,,,A: Normal value,D_PER_1000_B: Deaths per 1000 live births,,,,1953.5,,,,1,,100.869260400871,123.658012817018,,,B3: B3
UNICEF:CME_DF_2021_WQ(1.0): IGME Child Mortality Estimates wq,FJI: Fiji,MRY0T4: Under-five mortality rate,_T: Total,_T: Total,UN_IGME: UN IGME estimate,2021: 2021,1954-06,106.315902089741,,,,,,A: Normal value,D_PER_1000_B: Deaths per 1000 live births,,,,1954.5,,,,1,,95.8582529981451,117.702942855117,,,B3: B3
UNICEF:CME_DF_2021_WQ(1.0): IGME Child Mortality Estimates wq,FJI: Fiji,MRY0T4: Under-five mortality rate,_T: Total,_T: Total,UN_IGME: UN IGME estimate,2021: 2021,1955-06,101.023083337567,,,,,,A: Normal value,D_PER_1000_B: Deaths per 1000 live births,,,,1955.5,,,,1,,90.9668112064563,111.776427658441,,,B3: B3
UNICEF:CME_DF_2021_WQ(1.0): IGME Child Mortality Estimates wq,FJI: Fiji,MRY0T4: Under-five mortality rate,_T: Total,_T: Total,UN_IGME: UN IGME estimate,2021: 2021,1956-06,95.9273192368012,,,,,,A: Normal value,D_PER_1000_B: Deaths per 1000 live births,,,,1956.5,,,,1,,86.3774023745555,105.993596590338,,,B3: B3
UNICEF:CME_DF_2021_WQ(1.0): IGME Child Mortality Estimates wq,FJI: Fiji,MRY0T4: Under-five mortality rate,_T: Total,_T: Total,UN_IGME: UN IGME estimate,2021: 2021,1957-06,91.1410827328473,,,,,,A: Normal value,D_PER_1000_B: Deaths per 1000 live births,,,,1957.5,,,,1,,82.0757301867631,100.743334454361,,,B3: B3
UNICEF:CME_DF_2021_WQ(1.0): IGME Child Mortality Estimates wq,FJI: Fiji,MRY0T4: Under-five mortality rate,_T: Total,_T: Total,UN_IGME: UN IGME estimate,2021: 2021,1958-06,86.6199852224975,,,,,,A: Normal value,D_PER_1000_B: Deaths per 1000 live births,,,,1958.5,,,,1,,78.1196211043581,95.8247363055306,,,B3: B3
UNICEF:CME_DF_2021_WQ(1.0): IGME Child Mortality Estimates wq,FJI: Fiji,MRY0T4: Under-five mortality rate,_T: Total,_T: Total,UN_IGME: UN IGME estimate,2021: 2021,1959-06,82.4296553280406,,,,,,A: Normal value,D_PER_1000_B: Deaths per 1000 live births,,,,1959.5,,,,1,,74.3641416251996,91.3354243771067,,,B3: B3
UNICEF:CME_DF_2021_WQ(1.0): IGME Child Mortality Estimates wq,FJI: Fiji,MRY0T4: Under-five mortality rate,_T: Total,_T: Total,UN_IGME: UN IGME estimate,2021: 2021,1960-06,78.6130322395032,,,,,,A: Normal value,D_PER_1000_B: Deaths per 1000 live births,,,,1960.5,,,,1,,70.8789182223939,87.0975029277289,,,B3: B3
UNICEF:CME_DF_2021_WQ(1.0): IGME Child Mortality Estimates wq,FJI: Fiji,MRY0T4: Under-five mortality rate,_T: Total,_T: Total,UN_IGME: UN IGME estimate,2021: 2021,1961-06,74.9737072670893,,,,,,A: Normal value,D_PER_1000_B: Deaths per 1000 live births,,,,1961.5,,,,1,,67.5319334271502,83.0880473219429,,,B3: B3
UNICEF:CME_DF_2021_WQ(1.0): IGME Child Mortality Estimates wq,FJI: Fiji,MRY0T4: Under-five mortality rate,_T: Total,_T: Total,UN_IGME: UN IGME estimate,2021: 2021,1962-06,71.6218447371841,,,,,,A: Normal value,D_PER_1000_B: Deaths per 1000 live births,,,,1962.5,,,,1,,64.5204925582866,79.4777879719332,,,B3: B3
UNICEF:CME_DF_2021_WQ(1.0): IGME Child Mortality Estimates wq,FJI: Fiji,MRY0T4: Under-five mortality rate,_T: Total,_T: Total,UN_IGME: UN IGME estimate,2021: 2021,1963-06,68.4756343511288,,,,,,A: Normal value,D_PER_1000_B: Deaths per 1000 live births,,,,1963.5,,,,1,,61.5975665343582,76.1592348304561,,,B3: B3
UNICEF:CME_DF_2021_WQ(1.0): IGME Child Mortality Estimates wq,FJI: Fiji,MRY0T4: Under-five mortality rate,_T: Total,_T: Total,UN_IGME: UN IGME estimate,2021: 2021,1964-06,65.5733710636069,,,,,,A: Normal value,D_PER_1000_B: Deaths per 1000 live births,,,,1964.5,,,,1,,58.9082550291052,73.0498345250029,,,B3: B3
UNICEF:CME_DF_2021_WQ(1.0): IGME Child Mortality Estimates wq,FJI: Fiji,MRY0T4: Under-five mortality rate,_T: Total,_T: Total,UN_IGME: UN IGME estimate,2021: 2021,1965-06,63.008668311041,,,,,,A: Normal value,D_PER_1000_B: Deaths per 1000 live births,,,,1965.5,,,,1,,56.5820227694248,70.0662220041855,,,B3: B3
UNICEF:CME_DF_2021_WQ(1.0): IGME Child Mortality Estimates wq,FJI: Fiji,MRY0T4: Under-five mortality rate,_T: Total,_T: Total,UN_IGME: UN IGME estimate,2021: 2021,1966-06,60.8428406290933,,,,,,A: Normal value,D_PER_1000_B: Deaths per 1000 live births,,,,1966.5,,,,1,,54.7199628970977,67.6564506223027,,,B3: B3
UNICEF:CME_DF_2021_WQ(1.0): IGME Child Mortality Estimates wq,FJI: Fiji,MRY0T4: Under-five mortality rate,_T: Total,_T: Total,UN_IGME: UN IGME estimate,2021: 2021,1967-06,59.14145135929,,,,,,A: Normal value,D_PER_1000_B: Deaths per 1000 live births,,,,1967.5,,,,1,,53.1125120501744,65.8996085624057,,,B3: B3
UNICEF:CME_DF_2021_WQ(1.0): IGME Child Mortality Estimates wq,FJI: Fiji,MRY0T4: Under-five mortality rate,_T: Total,_T: Total,UN_IGME: UN IGME estimate,2021: 2021,1968-06,57.9164060509245,,,,,,A: Normal value,D_PER_1000_B: Deaths per 1000 live births,,,,1968.5,,,,1,,51.9155898671208,64.4952574582277,,,B3: B3
UNICEF:CME_DF_2021_WQ(1.0): IGME Child Mortality Estimates wq,FJI: Fiji,MRY0T4: Under-five mortality rate,_T: Total,_T: Total,UN_IGME: UN IGME estimate,2021: 2021,1969-06,57.0711415559439,,,,,,A: Normal value,D_PER_1000_B: Deaths per 1000 live births,,,,1969.5,,,,1,,51.0566704358455,63.5509978042486,,,B3: B3
UNICEF:CME_DF_2021_WQ(1.0): IGME Child Mortality Estimates wq,FJI: Fiji,MRY0T4: Under-five mortality rate,_T: Total,_T: Total,UN_IGME: UN IGME estimate,2021: 2021,1970-06,56.50551615151,,,,,,A: Normal value,D_PER_1000_B: Deaths per 1000 live births,,,,1970.5,,,,1,,50.4304486184155,63.146287760746,,,B3: B3
UNICEF:CME_DF_2021_WQ(1.0): IGME Child Mortality Estimates wq,FJI: Fiji,MRY0T4: Under-five mortality rate,_T: Total,_T: Total,UN_IGME: UN IGME estimate,2021: 2021,1971-06,56.156691697323,,,,,,A: Normal value,D_PER_1000_B: Deaths per 1000 live births,,,,1971.5,,,,1,,50.1322508979405,62.8123265598515,,,B3: B3
UNICEF:CME_DF_2021_WQ(1.0): IGME Child Mortality Estimates wq,FJI: Fiji,MRY0T4: Under-five mortality rate,_T: Total,_T: Total,UN_IGME: UN IGME estimate,2021: 2021,1972-06,55.8967877831462,,,,,,A: Normal value,D_PER_1000_B: Deaths per 1000 live births,,,,1972.5,,,,1,,49.8863525856858,62.6339417064577,,,B3: B3
UNICEF:CME_DF_2021_WQ(1.0): IGME Child Mortality Estimates wq,FJI: Fiji,MRY0T4: Under-five mortality rate,_T: Total,_T: Total,UN_IGME: UN IGME estimate,2021: 2021,1973-06,55.5316380799683,,,,,,A: Normal value,D_PER_1000_B: Deaths per 1000 live births,,,,1973.5,,,,1,,49.4834117974882,62.3169425814002,,,B3: B3
UNICEF:CME_DF_2021_WQ(1.0): IGME Child Mortality Estimates wq,FJI: Fiji,MRY0T4: Under-five mortality rate,_T: Total,_T: Total,UN_IGME: UN IGME estimate,2021: 2021,1974-06,54.9053382966613,,,,,,A: Normal value,D_PER_1000_B: Deaths per 1000 live births,,,,1974.5,,,,1,,48.8049836213739,61.7443106089547,,,B3: B3
UNICEF:CME_DF_2021_WQ(1.0): IGME Child Mortality Estimates wq,FJI: Fiji,MRY0T4: Under-five mortality rate,_T: Total,_T: Total,UN_IGME: UN IGME estimate,2021: 2021,1975-06,53.9545086361046,,,,,,A: Normal value,D_PER_1000_B: Deaths per 1000 live births,,,,1975.5,,,,1,,47.777346400401,60.8156809352186,,,B3: B3
UNICEF:CME_DF_2021_WQ(1.0): IGME Child Mortality Estimates wq,FJI: Fiji,MRY0T4: Under-five mortality rate,_T: Total,_T: Total,UN_IGME: UN IGME estimate,2021: 2021,1976-06,52.5973118070002,,,,,,A: Normal value,D_PER_1000_B: Deaths per 1000 live births,,,,1976.5,,,,1,,46.3822791054684,59.475981288913,,,B3: B3
UNICEF:CME_DF_2021_WQ(1.0): IGME Child Mortality Estimates wq,FJI: Fiji,MRY0T4: Under-five mortality rate,_T: Total,_T: Total,UN_IGME: UN IGME estimate,2021: 2021,1977-06,50.9179419574432,,,,,,A: Normal value,D_PER_1000_B: Deaths per 1000 live births,,,,1977.5,,,,1,,44.7484759239912,57.9740225487479,,,B3: B3
UNICEF:CME_DF_2021_WQ(1.0): IGME Child Mortality Estimates wq,FJI: Fiji,MRY0T4: Under-five mortality rate,_T: Total,_T: Total,UN_IGME: UN IGME estimate,2021: 2021,1978-06,48.9651862538322,,,,,,A: Normal value,D_PER_1000_B: Deaths per 1000 live births,,,,1978.5,,,,1,,42.761747816162,55.9757847307346,,,B3: B3
UNICEF:CME_DF_2021_WQ(1.0): IGME Child Mortality Estimates wq,FJI: Fiji,MRY0T4: Under-five mortality rate,_T: Total,_T: Total,UN_IGME: UN IGME estimate,2021: 2021,1979-06,46.8386107504525,,,,,,A: Normal value,D_PER_1000_B: Deaths per 1000 live births,,,,1979.5,,,,1,,40.6653051224189,53.8542347130365,,,B3: B3
UNICEF:CME_DF_2021_WQ(1.0): IGME Child Mortality Estimates wq,FJI: Fiji,MRY0T4: Under-five mortality rate,_T: Total,_T: Total,UN_IGME: UN IGME estimate,2021: 2021,1980-06,44.610718550741,,,,,,A: Normal value,D_PER_1000_B: Deaths per 1000 live births,,,,1980.5,,,,1,,38.4896991959284,51.6155468459477,,,B3: B3
UNICEF:CME_DF_2021_WQ(1.0): IGME Child Mortality Estimates wq,FJI: Fiji,MRY0T4: Under-five mortality rate,_T: Total,_T: Total,UN_IGME: UN IGME estimate,2021: 2021,1981-06,42.4699156242828,,,,,,A: Normal value,D_PER_1000_B: Deaths per 1000 live births,,,,1981.5,,,,1,,36.4996953878988,49.2637239275787,,,B3: B3
UNICEF:CME_DF_2021_WQ(1.0): IGME Child Mortality Estimates wq,FJI: Fiji,MRY0T4: Under-five mortality rate,_T: Total,_T: Total,UN_IGME: UN IGME estimate,2021: 2021,1982-06,40.3768237435327,,,,,,A: Normal value,D_PER_1000_B: Deaths per 1000 live births,,,,1982.5,,,,1,,34.6267947768719,46.9754707347241,,,B3: B3
UNICEF:CME_DF_2021_WQ(1.0): IGME Child Mortality Estimates wq,FJI: Fiji,MRY0T4: Under-five mortality rate,_T: Total,_T: Total,UN_IGME: UN IGME estimate,2021: 2021,1983-06,38.5154816898902,,,,,,A: Normal value,D_PER_1000_B: Deaths per 1000 live births,,,,1983.5,,,,1,,33.0324910463766,44.8215720177076,,,B3: B3
UNICEF:CME_DF_2021_WQ(1.0): IGME Child Mortality Estimates wq,FJI: Fiji,MRY0T4: Under-five mortality rate,_T: Total,_T: Total,UN_IGME: UN IGME estimate,2021: 2021,1984-06,36.8236362900506,,,,,,A: Normal value,D_PER_1000_B: Deaths per 1000 live births,,,,1984.5,,,,1,,31.669823730146,42.7903510700162,,,B3: B3
UNICEF:CME_DF_2021_WQ(1.0): IGME Child Mortality Estimates wq,FJI: Fiji,MRY0T4: Under-five mortality rate,_T: Total,_T: Total,UN_IGME: UN IGME estimate,2021: 2021,1985-06,35.2868426869353,,,,,,A: Normal value,D_PER_1000_B: Deaths per 1000 live births,,,,1985.5,,,,1,,30.3655139696369,41.0053905521768,,,B3: B3
UNICEF:CME_DF_2021_WQ(1.0): IGME Child Mortality Estimates wq,FJI: Fiji,MRY0T4: Under-five mortality rate,_T: Total,_T: Total,UN_IGME: UN IGME estimate,2021: 2021,1986-06,33.9043131939898,,,,,,A: Normal value,D_PER_1000_B: Deaths per 1000 live births,,,,1986.5,,,,1,,29.186892428905,39.2969549065187,,,B3: B3
UNICEF:CME_DF_2021_WQ(1.0): IGME Child Mortality Estimates wq,FJI: Fiji,MRY0T4: Under-five mortality rate,_T: Total,_T: Total,UN_IGME: UN IGME estimate,2021: 2021,1987-06,32.5959266755168,,,,,,A: Normal value,D_PER_1000_B: Deaths per 1000 live births,,,,1987.5,,,,1,,28.0308443732455,37.7458636059204,,,B3: B3
UNICEF:CME_DF_2021_WQ(1.0): IGME Child Mortality Estimates wq,FJI: Fiji,MRY0T4: Under-five mortality rate,_T: Total,_T: Total,UN_IGME: UN IGME estimate,2021: 2021,1988-06,31.3308036213442,,,,,,A: Normal value,D_PER_1000_B: Deaths per 1000 live births,,,,1988.5,,,,1,,26.9744796258441,36.2808241992433,,,B3: B3
UNICEF:CME_DF_2021_WQ(1.0): IGME Child Mortality Estimates wq,FJI: Fiji,MRY0T4: Under-five mortality rate,_T: Total,_T: Total,UN_IGME: UN IGME estimate,2021: 2021,1989-06,30.1053943942988,,,,,,A: Normal value,D_PER_1000_B: Deaths per 1000 live births,,,,1989.5,,,,1,,25.9390001107275,34.8702587626956,,,B3: B3
UNICEF:CME_DF_2021_WQ(1.0): IGME Child Mortality Estimates wq,FJI: Fiji,MRY0T4: Under-five mortality rate,_T: Total,_T: Total,UN_IGME: UN IGME estimate,2021: 2021,1990-06,28.9814351730353,,,,,,A: Normal value,D_PER_1000_B: Deaths per 1000 live births,,,,1990.5,,,,1,,24.9735304412837,33.5026194894697,,,B3: B3
UNICEF:CME_DF_2021_WQ(1.0): IGME Child Mortality Estimates wq,FJI: Fiji,MRY0T4: Under-five mortality rate,_T: Total,_T: Total,UN_IGME: UN IGME estimate,2021: 2021,1991-06,27.9077125445617,,,,,,A: Normal value,D_PER_1000_B: Deaths per 1000 live births,,,,1991.5,,,,1,,24.0983229299478,32.1751694806951,,,B3: B3
UNICEF:CME_DF_2021_WQ(1.0): IGME Child Mortality Estimates wq,FJI: Fiji,MRY0T4: Under-five mortality rate,_T: Total,_T: Total,UN_IGME: UN IGME estimate,2021: 2021,1992-06,26.8878248600544,,,,,,A: Normal value,D_PER_1000_B: Deaths per 1000 live births,,,,1992.5,,,,1,,23.3550704806055,30.8222762616757,,,B3: B3
UNICEF:CME_DF_2021_WQ(1.0): IGME Child Mortality Estimates wq,FJI: Fiji,MRY0T4: Under-five mortality rate,_T: Total,_T: Total,UN_IGME: UN IGME estimate,2021: 2021,1993-06,25.9820676065747,,,,,,A: Normal value,D_PER_1000_B: Deaths per 1000 live births,,,,1993.5,,,,1,,22.7176433070223,29.6058352179858,,,B3: B3
UNICEF:CME_DF_2021_WQ(1.0): IGME Child Mortality Estimates wq,FJI: Fiji,MRY0T4: Under-five mortality rate,_T: Total,_T: Total,UN_IGME: UN IGME estimate,2021: 2021,1994-06,25.1828053064325,,,,,,A: Normal value,D_PER_1000_B: Deaths per 1000 live births,,,,1994.5,,,,1,,22.1925197801274,28.4266416454667,,,B3: B3
UNICEF:CME_DF_2021_WQ(1.0): IGME Child Mortality Estimates wq,FJI: Fiji,MRY0T4: Under-five mortality rate,_T: Total,_T: Total,UN_IGME: UN IGME estimate,2021: 2021,1995-06,24.4645208767591,,,,,,A: Normal value,D_PER_1000_B: Deaths per 1000 live births,,,,1995.5,,,,1,,21.8206137782562,27.355843083711,,,B3: B3
UNICEF:CME_DF_2021_WQ(1.0): IGME Child Mortality Estimates wq,FJI: Fiji,MRY0T4: Under-five mortality rate,_T: Total,_T: Total,UN_IGME: UN IGME estimate,2021: 2021,1996-06,23.839646923832,,,,,,A: Normal value,D_PER_1000_B: Deaths per 1000 live births,,,,1996.5,,,,1,,21.5681056425505,26.3178416245493,,,B3: B3
UNICEF:CME_DF_2021_WQ(1.0): IGME Child Mortality Estimates wq,FJI: Fiji,MRY0T4: Under-five mortality rate,_T: Total,_T: Total,UN_IGME: UN IGME estimate,2021: 2021,1997-06,23.3101243776173,,,,,,A: Normal value,D_PER_1000_B: Deaths per 1000 live births,,,,1997.5,,,,1,,21.4074931892188,25.3682158055266,,,B3: B3
UNICEF:CME_DF_2021_WQ(1.0): IGME Child Mortality Estimates wq,FJI: Fiji,MRY0T4: Under-five mortality rate,_T: Total,_T: Total,UN_IGME: UN IGME estimate,2021: 2021,1998-06,22.9041488525036,,,,,,A: Normal value,D_PER_1000_B: Deaths per 1000 live births,,,,1998.5,,,,1,,21.3260566211994,24.5633412052447,,,B3: B3
UNICEF:CME_DF_2021_WQ(1.0): IGME Child Mortality Estimates wq,FJI: Fiji,MRY0T4: Under-five mortality rate,_T: Total,_T: Total,UN_IGME: UN IGME estimate,2021: 2021,1999-06,22.6009189603116,,,,,,A: Normal value,D_PER_1000_B: Deaths per 1000 live births,,,,1999.5,,,,1,,21.3334732519139,23.9271843505356,,,B3: B3
UNICEF:CME_DF_2021_WQ(1.0): IGME Child Mortality Estimates wq,FJI: Fiji,MRY0T4: Under-five mortality rate,_T: Total,_T: Total,UN_IGME: UN IGME estimate,2021: 2021,2000-06,22.4115015003381,,,,,,A: Normal value,D_PER_1000_B: Deaths per 1000 live births,,,,2000.5,,,,1,,21.378284497884,23.4811711403917,,,B3: B3
UNICEF:CME_DF_2021_WQ(1.0): IGME Child Mortality Estimates wq,FJI: Fiji,MRY0T4: Under-five mortality rate,_T: Total,_T: Total,UN_IGME: UN IGME estimate,2021: 2021,2001-06,22.3209230813531,,,,,,A: Normal value,D_PER_1000_B: Deaths per 1000 live births,,,,2001.5,,,,1,,21.4453203593935,23.2350393301048,,,B3: B3
UNICEF:CME_DF_2021_WQ(1.0): IGME Child Mortality Estimates wq,FJI: Fiji,MRY0T4: Under-five mortality rate,_T: Total,_T: Total,UN_IGME: UN IGME estimate,2021: 2021,2002-06,22.3554456961489,,,,,,A: Normal value,D_PER_1000_B: Deaths per 1000 live births,,,,2002.5,,,,1,,21.5674291994228,23.1876061953451,,,B3: B3
UNICEF:CME_DF_2021_WQ(1.0): IGME Child Mortality Estimates wq,FJI: Fiji,MRY0T4: Under-five mortality rate,_T: Total,_T: Total,UN_IGME: UN IGME estimate,2021: 2021,2003-06,22.5226238678159,,,,,,A: Normal value,D_PER_1000_B: Deaths per 1000 live births,,,,2003.5,,,,1,,21.7600715376026,23.3066238408358,,,B3: B3
UNICEF:CME_DF_2021_WQ(1.0): IGME Child Mortality Estimates wq,FJI: Fiji,MRY0T4: Under-five mortality rate,_T: Total,_T: Total,UN_IGME: UN IGME estimate,2021: 2021,2004-06,22.8122955505214,,,,,,A: Normal value,D_PER_1000_B: Deaths per 1000 live births,,,,2004.5,,,,1,,22.071262690485,23.5582788691137,,,B3: B3
UNICEF:CME_DF_2021_WQ(1.0): IGME Child Mortality Estimates wq,FJI: Fiji,MRY0T4: Under-five mortality rate,_T: Total,_T: Total,UN_IGME: UN IGME estimate,2021: 2021,2005-06,23.1428408938786,,,,,,A: Normal value,D_PER_1000_B: Deaths per 1000 live births,,,,2005.5,,,,1,,22.4053384891971,23.9040881255673,,,B3: B3
UNICEF:CME_DF_2021_WQ(1.0): IGME Child Mortality Estimates wq,FJI: Fiji,MRY0T4: Under-five mortality rate,_T: Total,_T: Total,UN_IGME: UN IGME estimate,2021: 2021,2006-06,23.4473760736022,,,,,,A: Normal value,D_PER_1000_B: Deaths per 1000 live births,,,,2006.5,,,,1,,22.7132419423836,24.1969893325205,,,B3: B3
UNICEF:CME_DF_2021_WQ(1.0): IGME Child Mortality Estimates wq,FJI: Fiji,MRY0T4: Under-five mortality rate,_T: Total,_T: Total,UN_IGME: UN IGME estimate,2021: 2021,2007-06,23.6754133927997,,,,,,A: Normal value,D_PER_1000_B: Deaths per 1000 live births,,,,2007.5,,,,1,,22.9059990924067,24.4554690887626,,,B3: B3
UNICEF:CME_DF_2021_WQ(1.0): IGME Child Mortality Estimates wq,FJI: Fiji,MRY0T4: Under-five mortality rate,_T: Total,_T: Total,UN_IGME: UN IGME estimate,2021: 2021,2008-06,23.7749568688212,,,,,,A: Normal value,D_PER_1000_B: Deaths per 1000 live births,,,,2008.5,,,,1,,22.9679809767701,24.5781411820641,,,B3: B3
UNICEF:CME_DF_2021_WQ(1.0): IGME Child Mortality Estimates wq,FJI: Fiji,MRY0T4: Under-five mortality rate,_T: Total,_T: Total,UN_IGME: UN IGME estimate,2021: 2021,2009-06,23.7422650134612,,,,,,A: Normal value,D_PER_1000_B: Deaths per 1000 live births,,,,2009.5,,,,1,,22.9173484005081,24.5757506408163,,,B3: B3
UNICEF:CME_DF_2021_WQ(1.0): IGME Child Mortality Estimates wq,FJI: Fiji,MRY0T4: Under-five mortality rate,_T: Total,_T: Total,UN_IGME: UN IGME estimate,2021: 2021,2010-06,23.6387668847269,,,,,,A: Normal value,D_PER_1000_B: Deaths per 1000 live births,,,,2010.5,,,,1,,22.7738191910165,24.5358214910552,,,B3: B3
UNICEF:CME_DF_2021_WQ(1.0): IGME Child Mortality Estimates wq,FJI: Fiji,MRY0T4: Under-five mortality rate,_T: Total,_T: Total,UN_IGME: UN IGME estimate,2021: 2021,2011-06,23.5565913282815,,,,,,A: Normal value,D_PER_1000_B: Deaths per 1000 live births,,,,2011.5,,,,1,,22.6237291536739,24.5331247691655,,,B3: B3
UNICEF:CME_DF_2021_WQ(1.0): IGME Child Mortality Estimates wq,FJI: Fiji,MRY0T4: Under-five mortality rate,_T: Total,_T: Total,UN_IGME: UN IGME estimate,2021: 2021,2012-06,23.5432438594626,,,,,,A: Normal value,D_PER_1000_B: Deaths per 1000 live births,,,,2012.5,,,,1,,22.5017488014699,24.6147077286409,,,B3: B3
UNICEF:CME_DF_2021_WQ(1.0): IGME Child Mortality Estimates wq,FJI: Fiji,MRY0T4: Under-five mortality rate,_T: Total,_T: Total,UN_IGME: UN IGME estimate,2021: 2021,2013-06,23.6640504231119,,,,,,A: Normal value,D_PER_1000_B: Deaths per 1000 live births,,,,2013.5,,,,1,,22.5196002117064,24.843259686741,,,B3: B3
UNICEF:CME_DF_2021_WQ(1.0): IGME Child Mortality Estimates wq,FJI: Fiji,MRY0T4: Under-five mortality rate,_T: Total,_T: Total,UN_IGME: UN IGME estimate,2021: 2021,2014-06,23.9415777612995,,,,,,A: Normal value,D_PER_1000_B: Deaths per 1000 live births,,,,2014.5,,,,1,,22.734655654665,25.220017522229,,,B3: B3
UNICEF:CME_DF_2021_WQ(1.0): IGME Child Mortality Estimates wq,FJI: Fiji,MRY0T4: Under-five mortality rate,_T: Total,_T: Total,UN_IGME: UN IGME estimate,2021: 2021,2015-06,24.3663920420083,,,,,,A: Normal value,D_PER_1000_B: Deaths per 1000 live births,,,,2015.5,,,,1,,23.1023201178794,25.7041552012682,,,B3: B3
UNICEF:CME_DF_2021_WQ(1.0): IGME Child Mortality Estimates wq,FJI: Fiji,MRY0T4: Under-five mortality rate,_T: Total,_T: Total,UN_IGME: UN IGME estimate,2021: 2021,2016-06,24.9134885657876,,,,,,A: Normal value,D_PER_1000_B: Deaths per 1000 live births,,,,2016.5,,,,1,,23.6613922545465,26.2347603947505,,,B3: B3
UNICEF:CME_DF_2021_WQ(1.0): IGME Child Mortality Estimates wq,FJI: Fiji,MRY0T4: Under-five mortality rate,_T: Total,_T: Total,UN_IGME: UN IGME estimate,2021: 2021,2017-06,25.5264751876332,,,,,,A: Normal value,D_PER_1000_B: Deaths per 1000 live births,,,,2017.5,,,,1,,24.2972060535268,26.8261006710135,,,B3: B3
UNICEF:CME_DF_2021_WQ(1.0): IGME Child Mortality Estimates wq,FJI: Fiji,MRY0T4: Under-five mortality rate,_T: Total,_T: Total,UN_IGME: UN IGME estimate,2021: 2021,2018-06,26.2030311393993,,,,,,A: Normal value,D_PER_1000_B: Deaths per 1000 live births,,,,2018.5,,,,1,,24.9007000844959,27.5467914151387,,,B3: B3
UNICEF:CME_DF_2021_WQ(1.0): IGME Child Mortality Estimates wq,FJI: Fiji,MRY0T4: Under-five mortality rate,_T: Total,_T: Total,UN_IGME: UN IGME estimate,2021: 2021,2019-06,26.8819734881187,,,,,,A: Normal value,D_PER_1000_B: Deaths per 1000 live births,,,,2019.5,,,,1,,25.2555988933922,28.5879268312894,,,B3: B3
UNICEF:CME_DF_2021_WQ(1.0): IGME Child Mortality Estimates wq,FJI: Fiji,MRY0T4: Under-five mortality rate,_T: Total,_T: Total,UN_IGME: UN IGME estimate,2021: 2021,2020-06,27.4312201286108,,,,,,A: Normal value,D_PER_1000_B: Deaths per 1000 live births,,,,2020.5,,,,1,,25.2215497808396,29.7493866195716,,,B3: B3
UNICEF:CME_DF_2021_WQ(1.0): IGME Child Mortality Estimates wq,FJI: Fiji,MRY0T4: Under-five mortality rate,_T: Total,_T: Total,1095: Census 1956 (Indirect),1956: 1956,1941-06,134.1671,,,,,,IN: Included in IGME,D_PER_1000_B: Deaths per 1000 live births,CEN: Census,ID: Indirect,,1941.5,Y45T49: 45 to 49 years old,,,,SBH: Survey/Census with Summary Birth Histories,,,,,
UNICEF:CME_DF_2021_WQ(1.0): IGME Child Mortality Estimates wq,FJI: Fiji,MRY0T4: Under-five mortality rate,_T: Total,_T: Total,1095: Census 1956 (Indirect),1956: 1956,1944-06,129.7669,,,,,,IN: Included in IGME,D_PER_1000_B: Deaths per 1000 live births,CEN: Census,ID: Indirect,,1944.4,Y40T44: 40 to 44 years old,,,,SBH: Survey/Census with Summary Birth Histories,,,,,
UNICEF:CME_DF_2021_WQ(1.0): IGME Child Mortality Estimates wq,FJI: Fiji,MRY0T4: Under-five mortality rate,_T: Total,_T: Total,1095: Census 1956 (Indirect),1956: 1956,1947-04,127.5698,,,,,,IN: Included in IGME,D_PER_1000_B: Deaths per 1000 live births,CEN: Census,ID: Indirect,,1947.3,Y35T39: 35 to 39 years old,,,,SBH: Survey/Census with Summary Birth Histories,,,,,
UNICEF:CME_DF_2021_WQ(1.0): IGME Child Mortality Estimates wq,FJI: Fiji,MRY0T4: Under-five mortality rate,_T: Total,_T: Total,1095: Census 1956 (Indirect),1956: 1956,1950-01,136.4564,,,,,,IN: Included in IGME,D_PER_1000_B: Deaths per 1000 live births,CEN: Census,ID: Indirect,,1950.0,Y30T34: 30 to 34 years old,,,,SBH: Survey/Census with Summary Birth Histories,,,,,
UNICEF:CME_DF_2021_WQ(1.0): IGME Child Mortality Estimates wq,FJI: Fiji,MRY0T4: Under-five mortality rate,_T: Total,_T: Total,1095: Census 1956 (Indirect),1956: 1956,1952-06,127.5601,,,,,,IN: Included in IGME,D_PER_1000_B: Deaths per 1000 live births,CEN: Census,ID: Indirect,,1952.5,Y25T29: 25 to 29 years old,,,,SBH: Survey/Census with Summary Birth Histories,,,,,
UNICEF:CME_DF_2021_WQ(1.0): IGME Child Mortality Estimates wq,FJI: Fiji,MRY0T4: Under-five mortality rate,_T: Total,_T: Total,1095: Census 1956 (Indirect),1956: 1956,1954-07,136.526,,,,,,EX: Excluded from IGME,D_PER_1000_B: Deaths per 1000 live births,CEN: Census,ID: Indirect,,1954.5,Y20T24: 20 to 24 years old,,,,SBH: Survey/Census with Summary Birth Histories,,,,,
UNICEF:CME_DF_2021_WQ(1.0): IGME Child Mortality Estimates wq,FJI: Fiji,MRY0T4: Under-five mortality rate,_T: Total,_T: Total,541: World Fertility Survey 1974 (Direct),1974: 1974,1951-06,121.2,,,,,,IN: Included in IGME,D_PER_1000_B: Deaths per 1000 live births,WFS: WFS,D: Direct,9,1951.5,,,,3,FBH: Survey/Census with Full Birth Histories,,,,,
UNICEF:CME_DF_2021_WQ(1.0): IGME Child Mortality Estimates wq,FJI: Fiji,MRY0T4: Under-five mortality rate,_T: Total,_T: Total,541: World Fertility Survey 1974 (Direct),1974: 1974,1954-06,83.3,,,,,,IN: Included in IGME,D_PER_1000_B: Deaths per 1000 live births,WFS: WFS,D: Direct,7.8,1954.5,,,,3,FBH: Survey/Census with Full Birth Histories,,,,,
UNICEF:CME_DF_2021_WQ(1.0): IGME Child Mortality Estimates wq,FJI: Fiji,MRY0T4: Under-five mortality rate,_T: Total,_T: Total,541: World Fertility Survey 1974 (Direct),1974: 1974,1957-06,82.1,,,,,,IN: Included in IGME,D_PER_1000_B: Deaths per 1000 live births,WFS: WFS,D: Direct,6.6,1957.5,,,,3,FBH: Survey/Census with Full Birth Histories,,,,,
UNICEF:CME_DF_2021_WQ(1.0): IGME Child Mortality Estimates wq,FJI: Fiji,MRY0T4: Under-five mortality rate,_T: Total,_T: Total,541: World Fertility Survey 1974 (Direct),1974: 1974,1960-06,64.1,,,,,,IN: Included in IGME,D_PER_1000_B: Deaths per 1000 live births,WFS: WFS,D: Direct,5.5,1960.5,,,,3,FBH: Survey/Census with Full Birth Histories,,,,,
UNICEF:CME_DF_2021_WQ(1.0): IGME Child Mortality Estimates wq,FJI: Fiji,MRY0T4: Under-five mortality rate,_T: Total,_T: Total,541: World Fertility Survey 1974 (Direct),1974: 1974,1963-06,65.9,,,,,,IN: Included in IGME,D_PER_1000_B: Deaths per 1000 live births,WFS: WFS,D: Direct,5.3,1963.5,,,,3,FBH: Survey/Census with Full Birth Histories,,,,,
UNICEF:CME_DF_2021_WQ(1.0): IGME Child Mortality Estimates wq,FJI: Fiji,MRY0T4: Under-five mortality rate,_T: Total,_T: Total,541: World Fertility Survey 1974 (Direct),1974: 1974,1966-06,55.6,,,,,,IN: Included in IGME,D_PER_1000_B: Deaths per 1000 live births,WFS: WFS,D: Direct,5.2,1966.5,,,,3,FBH: Survey/Census with Full Birth Histories,,,,,
UNICEF:CME_DF_2021_WQ(1.0): IGME Child Mortality Estimates wq,FJI: Fiji,MRY0T4: Under-five mortality rate,_T: Total,_T: Total,541: World Fertility Survey 1974 (Direct),1974: 1974,1969-01,54.2,,,,,,IN: Included in IGME,D_PER_1000_B: Deaths per 1000 live births,WFS: WFS,D: Direct,5,1969.0,,,,2,FBH: Survey/Census with Full Birth Histories,,,,,
UNICEF:CME_DF_2021_WQ(1.0): IGME Child Mortality Estimates wq,FJI: Fiji,MRY0T4: Under-five mortality rate,_T: Total,_T: Total,541: World Fertility Survey 1974 (Direct),1974: 1974,1971-01,52.4,,,,,,IN: Included in IGME,D_PER_1000_B: Deaths per 1000 live births,WFS: WFS,D: Direct,4.9,1971.0,,,,2,FBH: Survey/Census with Full Birth Histories,,,,,
UNICEF:CME_DF_2021_WQ(1.0): IGME Child Mortality Estimates wq,FJI: Fiji,MRY0T4: Under-five mortality rate,_T: Total,_T: Total,541: World Fertility Survey 1974 (Direct),1974: 1974,1973-01,61,,,,,,IN: Included in IGME,D_PER_1000_B: Deaths per 1000 live births,WFS: WFS,D: Direct,5.2,1973.0,,,,2,FBH: Survey/Census with Full Birth Histories,,,,,
UNICEF:CME_DF_2021_WQ(1.0): IGME Child Mortality Estimates wq,FJI: Fiji,MRY0T4: Under-five mortality rate,_T: Total,_T: Total,396: Census 1966 (Indirect),1966: 1966,1951-10,121.9296,,,,,,IN: Included in IGME,D_PER_1000_B: Deaths per 1000 live births,CEN: Census,ID: Indirect,,1951.8,Y45T49: 45 to 49 years old,,,,SBH: Survey/Census with Summary Birth Histories,,,,,
UNICEF:CME_DF_2021_WQ(1.0): IGME Child Mortality Estimates wq,FJI: Fiji,MRY0T4: Under-five mortality rate,_T: Total,_T: Total,396: Census 1966 (Indirect),1966: 1966,1954-10,115.1294,,,,,,IN: Included in IGME,D_PER_1000_B: Deaths per 1000 live births,CEN: Census,ID: Indirect,,1954.8,Y40T44: 40 to 44 years old,,,,SBH: Survey/Census with Summary Birth Histories,,,,,
UNICEF:CME_DF_2021_WQ(1.0): IGME Child Mortality Estimates wq,FJI: Fiji,MRY0T4: Under-five mortality rate,_T: Total,_T: Total,396: Census 1966 (Indirect),1966: 1966,1957-09,104.6617,,,,,,IN: Included in IGME,D_PER_1000_B: Deaths per 1000 live births,CEN: Census,ID: Indirect,,1957.7,Y35T39: 35 to 39 years old,,,,SBH: Survey/Census with Summary Birth Histories,,,,,
UNICEF:CME_DF_2021_WQ(1.0): IGME Child Mortality Estimates wq,FJI: Fiji,MRY0T4: Under-five mortality rate,_T: Total,_T: Total,396: Census 1966 (Indirect),1966: 1966,1960-05,97.52638,,,,,,IN: Included in IGME,D_PER_1000_B: Deaths per 1000 live births,CEN: Census,ID: Indirect,,1960.4,Y30T34: 30 to 34 years old,,,,SBH: Survey/Census with Summary Birth Histories,,,,,
UNICEF:CME_DF_2021_WQ(1.0): IGME Child Mortality Estimates wq,FJI: Fiji,MRY0T4: Under-five mortality rate,_T: Total,_T: Total,396: Census 1966 (Indirect),1966: 1966,1962-10,90.41931,,,,,,IN: Included in IGME,D_PER_1000_B: Deaths per 1000 live births,CEN: Census,ID: Indirect,,1962.8,Y25T29: 25 to 29 years old,,,,SBH: Survey/Census with Summary Birth Histories,,,,,
UNICEF:CME_DF_2021_WQ(1.0): IGME Child Mortality Estimates wq,FJI: Fiji,MRY0T4: Under-five mortality rate,_T: Total,_T: Total,396: Census 1966 (Indirect),1966: 1966,1964-09,96.90211,,,,,,EX: Excluded from IGME,D_PER_1000_B: Deaths per 1000 live births,CEN: Census,ID: Indirect,,1964.7,Y20T24: 20 to 24 years old,,,,SBH: Survey/Census with Summary Birth Histories,,,,,
UNICEF:CME_DF_2021_WQ(1.0): IGME Child Mortality Estimates wq,FJI: Fiji,MRY0T4: Under-five mortality rate,_T: Total,_T: Total,207: Census 1976 (Indirect),1976: 1976,1963-03,83.60618,,,,,,IN: Included in IGME,D_PER_1000_B: Deaths per 1000 live births,CEN: Census,ID: Indirect,,1963.2,Y45T49: 45 to 49 years old,,,,SBH: Survey/Census with Summary Birth Histories,,,,,
UNICEF:CME_DF_2021_WQ(1.0): IGME Child Mortality Estimates wq,FJI: Fiji,MRY0T4: Under-five mortality rate,_T: Total,_T: Total,207: Census 1976 (Indirect),1976: 1976,1966-03,66.17347,,,,,,IN: Included in IGME,D_PER_1000_B: Deaths per 1000 live births,CEN: Census,ID: Indirect,,1966.2,Y40T44: 40 to 44 years old,,,,SBH: Survey/Census with Summary Birth Histories,,,,,
UNICEF:CME_DF_2021_WQ(1.0): IGME Child Mortality Estimates wq,FJI: Fiji,MRY0T4: Under-five mortality rate,_T: Total,_T: Total,207: Census 1976 (Indirect),1976: 1976,1968-10,62.1714,,,,,,IN: Included in IGME,D_PER_1000_B: Deaths per 1000 live births,CEN: Census,ID: Indirect,,1968.8,Y35T39: 35 to 39 years old,,,,SBH: Survey/Census with Summary Birth Histories,,,,,
UNICEF:CME_DF_2021_WQ(1.0): IGME Child Mortality Estimates wq,FJI: Fiji,MRY0T4: Under-five mortality rate,_T: Total,_T: Total,207: Census 1976 (Indirect),1976: 1976,1971-01,56.73834,,,,,,IN: Included in IGME,D_PER_1000_B: Deaths per 1000 live births,CEN: Census,ID: Indirect,,1971.1,Y30T34: 30 to 34 years old,,,,SBH: Survey/Census with Summary Birth Histories,,,,,
UNICEF:CME_DF_2021_WQ(1.0): IGME Child Mortality Estimates wq,FJI: Fiji,MRY0T4: Under-five mortality rate,_T: Total,_T: Total,207: Census 1976 (Indirect),1976: 1976,1973-02,57.75486,,,,,,IN: Included in IGME,D_PER_1000_B: Deaths per 1000 live births,CEN: Census,ID: Indirect,,1973.1,Y25T29: 25 to 29 years old,,,,SBH: Survey/Census with Summary Birth Histories,,,,,
UNICEF:CME_DF_2021_WQ(1.0): IGME Child Mortality Estimates wq,FJI: Fiji,MRY0T4: Under-five mortality rate,_T: Total,_T: Total,207: Census 1976 (Indirect),1976: 1976,1974-09,64.43726,,,,,,EX: Excluded from IGME,D_PER_1000_B: Deaths per 1000 live births,CEN: Census,ID: Indirect,,1974.7,Y20T24: 20 to 24 years old,,,,SBH: Survey/Census with Summary Birth Histories,,,,,
UNICEF:CME_DF_2021_WQ(1.0): IGME Child Mortality Estimates wq,FJI: Fiji,MRY0T4: Under-five mortality rate,_T: Total,_T: Total,492: Census 1986 (Indirect),1986: 1986,1972-02,54,,,,,,IN: Included in IGME,D_PER_1000_B: Deaths per 1000 live births,CEN: Census,ID: Indirect,,1972.1,Y45T49: 45 to 49 years old,,,,SBH: Survey/Census with Summary Birth Histories,,,,,
UNICEF:CME_DF_2021_WQ(1.0): IGME Child Mortality Estimates wq,FJI: Fiji,MRY0T4: Under-five mortality rate,_T: Total,_T: Total,492: Census 1986 (Indirect),1986: 1986,1975-02,53,,,,,,IN: Included in IGME,D_PER_1000_B: Deaths per 1000 live births,CEN: Census,ID: Indirect,,1975.1,Y40T44: 40 to 44 years old,,,,SBH: Survey/Census with Summary Birth Histories,,,,,
UNICEF:CME_DF_2021_WQ(1.0): IGME Child Mortality Estimates wq,FJI: Fiji,MRY0T4: Under-five mortality rate,_T: Total,_T: Total,492: Census 1986 (Indirect),1986: 1986,1977-11,48,,,,,,IN: Included in IGME,D_PER_1000_B: Deaths per 1000 live births,CEN: Census,ID: Indirect,,1977.9,Y35T39: 35 to 39 years old,,,,SBH: Survey/Census with Summary Birth Histories,,,,,
UNICEF:CME_DF_2021_WQ(1.0): IGME Child Mortality Estimates wq,FJI: Fiji,MRY0T4: Under-five mortality rate,_T: Total,_T: Total,492: Census 1986 (Indirect),1986: 1986,1980-05,42,,,,,,IN: Included in IGME,D_PER_1000_B: Deaths per 1000 live births,CEN: Census,ID: Indirect,,1980.4,Y30T34: 30 to 34 years old,,,,SBH: Survey/Census with Summary Birth Histories,,,,,
UNICEF:CME_DF_2021_WQ(1.0): IGME Child Mortality Estimates wq,FJI: Fiji,MRY0T4: Under-five mortality rate,_T: Total,_T: Total,492: Census 1986 (Indirect),1986: 1986,1982-09,36,,,,,,IN: Included in IGME,D_PER_1000_B: Deaths per 1000 live births,CEN: Census,ID: Indirect,,1982.7,Y25T29: 25 to 29 years old,,,,SBH: Survey/Census with Summary Birth Histories,,,,,
UNICEF:CME_DF_2021_WQ(1.0): IGME Child Mortality Estimates wq,FJI: Fiji,MRY0T4: Under-five mortality rate,_T: Total,_T: Total,492: Census 1986 (Indirect),1986: 1986,1984-08,36,,,,,,EX: Excluded from IGME,D_PER_1000_B: Deaths per 1000 live births,CEN: Census,ID: Indirect,,1984.6,Y20T24: 20 to 24 years old,,,,SBH: Survey/Census with Summary Birth Histories,,,,,
UNICEF:CME_DF_2021_WQ(1.0): IGME Child Mortality Estimates wq,FJI: Fiji,MRY0T4: Under-five mortality rate,_T: Total,_T: Total,1747: VR Submitted to WHO/UNIGME 2021 version (VR),2021: 2021,1978-06,39.1367,,,,,,EX: Excluded from IGME,D_PER_1000_B: Deaths per 1000 live births,VR: VR,VR: Vital Records,1.509273,1978.5,,,,1,VR: Vital Registration,,,,,
UNICEF:CME_DF_2021_WQ(1.0): IGME Child Mortality Estimates wq,FJI: Fiji,MRY0T4: Under-five mortality rate,_T: Total,_T: Total,1747: VR Submitted to WHO/UNIGME 2021 version (VR),2021: 2021,1980-06,49.64155,,,,,,EX: Excluded from IGME,D_PER_1000_B: Deaths per 1000 live births,VR: VR,VR: Vital Records,1.516023,1980.5,,,,1,VR: Vital Registration,,,,,
UNICEF:CME_DF_2021_WQ(1.0): IGME Child Mortality Estimates wq,FJI: Fiji,MRY0T4: Under-five mortality rate,_T: Total,_T: Total,1747: VR Submitted to WHO/UNIGME 2021 version (VR),2021: 2021,1981-06,46.086,,,,,,EX: Excluded from IGME,D_PER_1000_B: Deaths per 1000 live births,VR: VR,VR: Vital Records,1.450616,1981.5,,,,1,VR: Vital Registration,,,,,
UNICEF:CME_DF_2021_WQ(1.0): IGME Child Mortality Estimates wq,FJI: Fiji,MRY0T4: Under-five mortality rate,_T: Total,_T: Total,1747: VR Submitted to WHO/UNIGME 2021 version (VR),2021: 2021,1982-06,37.5088,,,,,,EX: Excluded from IGME,D_PER_1000_B: Deaths per 1000 live births,VR: VR,VR: Vital Records,1.303102,1982.5,,,,1,VR: Vital Registration,,,,,
UNICEF:CME_DF_2021_WQ(1.0): IGME Child Mortality Estimates wq,FJI: Fiji,MRY0T4: Under-five mortality rate,_T: Total,_T: Total,1747: VR Submitted to WHO/UNIGME 2021 version (VR),2021: 2021,1983-06,26.50597,,,,,,EX: Excluded from IGME,D_PER_1000_B: Deaths per 1000 live births,VR: VR,VR: Vital Records,1.093598,1983.5,,,,1,VR: Vital Registration,,,,,
UNICEF:CME_DF_2021_WQ(1.0): IGME Child Mortality Estimates wq,FJI: Fiji,MRY0T4: Under-five mortality rate,_T: Total,_T: Total,1747: VR Submitted to WHO/UNIGME 2021 version (VR),2021: 2021,1984-06,22.34628,,,,,,EX: Excluded from IGME,D_PER_1000_B: Deaths per 1000 live births,VR: VR,VR: Vital Records,1.004852,1984.5,,,,1,VR: Vital Registration,,,,,
UNICEF:CME_DF_2021_WQ(1.0): IGME Child Mortality Estimates wq,FJI: Fiji,MRY0T4: Under-five mortality rate,_T: Total,_T: Total,1747: VR Submitted to WHO/UNIGME 2021 version (VR),2021: 2021,1985-06,24.60331,,,,,,EX: Excluded from IGME,D_PER_1000_B: Deaths per 1000 live births,VR: VR,VR: Vital Records,1.057152,1985.5,,,,1,VR: Vital Registration,,,,,
UNICEF:CME_DF_2021_WQ(1.0): IGME Child Mortality Estimates wq,FJI: Fiji,MRY0T4: Under-five mortality rate,_T: Total,_T: Total,1747: VR Submitted to WHO/UNIGME 2021 version (VR),2021: 2021,1986-06,24.03682,,,,,,EX: Excluded from IGME,D_PER_1000_B: Deaths per 1000 live births,VR: VR,VR: Vital Records,1.048849,1986.5,,,,1,VR: Vital Registration,,,,,
UNICEF:CME_DF_2021_WQ(1.0): IGME Child Mortality Estimates wq,FJI: Fiji,MRY0T4: Under-five mortality rate,_T: Total,_T: Total,1747: VR Submitted to WHO/UNIGME 2021 version (VR),2021: 2021,1987-06,13.88624,,,,,,EX: Excluded from IGME,D_PER_1000_B: Deaths per 1000 live births,VR: VR,VR: Vital Records,0.8004291,1987.5,,,,1,VR: Vital Registration,,,,,
UNICEF:CME_DF_2021_WQ(1.0): IGME Child Mortality Estimates wq,FJI: Fiji,MRY0T4: Under-five mortality rate,_T: Total,_T: Total,1747: VR Submitted to WHO/UNIGME 2021 version (VR),2021: 2021,1992-06,18.58022,,,,,,EX: Excluded from IGME,D_PER_1000_B: Deaths per 1000 live births,VR: VR,VR: Vital Records,0.9371713,1992.5,,,,1,VR: Vital Registration,,,,,
UNICEF:CME_DF_2021_WQ(1.0): IGME Child Mortality Estimates wq,FJI: Fiji,MRY0T4: Under-five mortality rate,_T: Total,_T: Total,1747: VR Submitted to WHO/UNIGME 2021 version (VR),2021: 2021,1993-06,16.58997,,,,,,EX: Excluded from IGME,D_PER_1000_B: Deaths per 1000 live births,VR: VR,VR: Vital Records,0.8875515,1993.5,,,,1,VR: Vital Registration,,,,,
UNICEF:CME_DF_2021_WQ(1.0): IGME Child Mortality Estimates wq,FJI: Fiji,MRY0T4: Under-five mortality rate,_T: Total,_T: Total,1747: VR Submitted to WHO/UNIGME 2021 version (VR),2021: 2021,1994-06,15.68996,,,,,,EX: Excluded from IGME,D_PER_1000_B: Deaths per 1000 live births,VR: VR,VR: Vital Records,0.8656313,1994.5,,,,1,VR: Vital Registration,,,,,
UNICEF:CME_DF_2021_WQ(1.0): IGME Child Mortality Estimates wq,FJI: Fiji,MRY0T4: Under-five mortality rate,_T: Total,_T: Total,1747: VR Submitted to WHO/UNIGME 2021 version (VR),2021: 2021,1995-06,14.75591,,,,,,EX: Excluded from IGME,D_PER_1000_B: Deaths per 1000 live births,VR: VR,VR: Vital Records,0.8423915,1995.5,,,,1,VR: Vital Registration,,,,,
UNICEF:CME_DF_2021_WQ(1.0): IGME Child Mortality Estimates wq,FJI: Fiji,MRY0T4: Under-five mortality rate,_T: Total,_T: Total,1747: VR Submitted to WHO/UNIGME 2021 version (VR),2021: 2021,1996-06,14.75339,,,,,,EX: Excluded from IGME,D_PER_1000_B: Deaths per 1000 live births,VR: VR,VR: Vital Records,0.8456815,1996.5,,,,1,VR: Vital Registration,,,,,
UNICEF:CME_DF_2021_WQ(1.0): IGME Child Mortality Estimates wq,FJI: Fiji,MRY0T4: Under-five mortality rate,_T: Total,_T: Total,1747: VR Submitted to WHO/UNIGME 2021 version (VR),2021: 2021,1997-06,16.68688,,,,,,EX: Excluded from IGME,D_PER_1000_B: Deaths per 1000 live births,VR: VR,VR: Vital Records,0.9031859,1997.5,,,,1,VR: Vital Registration,,,,,
UNICEF:CME_DF_2021_WQ(1.0): IGME Child Mortality Estimates wq,FJI: Fiji,MRY0T4: Under-five mortality rate,_T: Total,_T: Total,1747: VR Submitted to WHO/UNIGME 2021 version (VR),2021: 2021,1998-06,21.77471,,,,,,EX: Excluded from IGME,D_PER_1000_B: Deaths per 1000 live births,VR: VR,VR: Vital Records,1.03612,1998.5,,,,1,VR: Vital Registration,,,,,
UNICEF:CME_DF_2021_WQ(1.0): IGME Child Mortality Estimates wq,FJI: Fiji,MRY0T4: Under-five mortality rate,_T: Total,_T: Total,1747: VR Submitted to WHO/UNIGME 2021 version (VR),2021: 2021,1999-06,17.88826,,,,,,EX: Excluded from IGME,D_PER_1000_B: Deaths per 1000 live births,VR: VR,VR: Vital Records,0.9430268,1999.5,,,,1,VR: Vital Registration,,,,,
UNICEF:CME_DF_2021_WQ(1.0): IGME Child Mortality Estimates wq,FJI: Fiji,MRY0T4: Under-five mortality rate,_T: Total,_T: Total,1747: VR Submitted to WHO/UNIGME 2021 version (VR),2021: 2021,2000-06,25.76399,,,,,,IN: Included in IGME,D_PER_1000_B: Deaths per 1000 live births,VR: VR,VR: Vital Records,1.218026,2000.5,,,,1,VR: Vital Registration,,,,,
UNICEF:CME_DF_2021_WQ(1.0): IGME Child Mortality Estimates wq,FJI: Fiji,MRY0T4: Under-five mortality rate,_T: Total,_T: Total,1747: VR Submitted to WHO/UNIGME 2021 version (VR),2021: 2021,2001-06,20.07507,,,,,,IN: Included in IGME,D_PER_1000_B: Deaths per 1000 live births,VR: VR,VR: Vital Records,1.079659,2001.5,,,,1,VR: Vital Registration,,,,,
UNICEF:CME_DF_2021_WQ(1.0): IGME Child Mortality Estimates wq,FJI: Fiji,MRY0T4: Under-five mortality rate,_T: Total,_T: Total,1747: VR Submitted to WHO/UNIGME 2021 version (VR),2021: 2021,2002-06,20.88118,,,,,,IN: Included in IGME,D_PER_1000_B: Deaths per 1000 live births,VR: VR,VR: Vital Records,1.108224,2002.5,,,,1,VR: Vital Registration,,,,,
UNICEF:CME_DF_2021_WQ(1.0): IGME Child Mortality Estimates wq,FJI: Fiji,MRY0T4: Under-five mortality rate,_T: Total,_T: Total,1747: VR Submitted to WHO/UNIGME 2021 version (VR),2021: 2021,2003-06,22.32342,,,,,,IN: Included in IGME,D_PER_1000_B: Deaths per 1000 live births,VR: VR,VR: Vital Records,1.116433,2003.5,,,,1,VR: Vital Registration,,,,,
UNICEF:CME_DF_2021_WQ(1.0): IGME Child Mortality Estimates wq,FJI: Fiji,MRY0T4: Under-five mortality rate,_T: Total,_T: Total,1747: VR Submitted to WHO/UNIGME 2021 version (VR),2021: 2021,2004-06,20.99729,,,,,,IN: Included in IGME,D_PER_1000_B: Deaths per 1000 live births,VR: VR,VR: Vital Records,1.088738,2004.5,,,,1,VR: Vital Registration,,,,,
UNICEF:CME_DF_2021_WQ(1.0): IGME Child Mortality Estimates wq,FJI: Fiji,MRY0T4: Under-five mortality rate,_T: Total,_T: Total,1747: VR Submitted to WHO/UNIGME 2021 version (VR),2021: 2021,2005-06,23.58616,,,,,,IN: Included in IGME,D_PER_1000_B: Deaths per 1000 live births,VR: VR,VR: Vital Records,1.150275,2005.5,,,,1,VR: Vital Registration,,,,,
UNICEF:CME_DF_2021_WQ(1.0): IGME Child Mortality Estimates wq,FJI: Fiji,MRY0T4: Under-five mortality rate,_T: Total,_T: Total,1747: VR Submitted to WHO/UNIGME 2021 version (VR),2021: 2021,2006-06,24.5754,,,,,,IN: Included in IGME,D_PER_1000_B: Deaths per 1000 live births,VR: VR,VR: Vital Records,1.155878,2006.5,,,,1,VR: Vital Registration,,,,,
UNICEF:CME_DF_2021_WQ(1.0): IGME Child Mortality Estimates wq,FJI: Fiji,MRY0T4: Under-five mortality rate,_T: Total,_T: Total,1747: VR Submitted to WHO/UNIGME 2021 version (VR),2021: 2021,2007-06,24.1627,,,,,,IN: Included in IGME,D_PER_1000_B: Deaths per 1000 live births,VR: VR,VR: Vital Records,1.118965,2007.5,,,,1,VR: Vital Registration,,,,,
UNICEF:CME_DF_2021_WQ(1.0): IGME Child Mortality Estimates wq,FJI: Fiji,MRY0T4: Under-five mortality rate,_T: Total,_T: Total,1747: VR Submitted to WHO/UNIGME 2021 version (VR),2021: 2021,2008-06,23.9743,,,,,,IN: Included in IGME,D_PER_1000_B: Deaths per 1000 live births,VR: VR,VR: Vital Records,1.12496,2008.5,,,,1,VR: Vital Registration,,,,,
UNICEF:CME_DF_2021_WQ(1.0): IGME Child Mortality Estimates wq,FJI: Fiji,MRY0T4: Under-five mortality rate,_T: Total,_T: Total,1747: VR Submitted to WHO/UNIGME 2021 version (VR),2021: 2021,2009-06,25.18625,,,,,,IN: Included in IGME,D_PER_1000_B: Deaths per 1000 live births,VR: VR,VR: Vital Records,1.155793,2009.5,,,,1,VR: Vital Registration,,,,,
UNICEF:CME_DF_2021_WQ(1.0): IGME Child Mortality Estimates wq,FJI: Fiji,MRY0T4: Under-five mortality rate,_T: Total,_T: Total,1747: VR Submitted to WHO/UNIGME 2021 version (VR),2021: 2021,2011-06,22.5445,,,,,,IN: Included in IGME,D_PER_1000_B: Deaths per 1000 live births,VR: VR,VR: Vital Records,1.050605,2011.5,,,,1,VR: Vital Registration,,,,,
UNICEF:CME_DF_2021_WQ(1.0): IGME Child Mortality Estimates wq,FJI: Fiji,MRY0T4: Under-five mortality rate,_T: Total,_T: Total,1747: VR Submitted to WHO/UNIGME 2021 version (VR),2021: 2021,2012-06,22.29066,,,,,,IN: Included in IGME,D_PER_1000_B: Deaths per 1000 live births,VR: VR,VR: Vital Records,1.051048,2012.5,,,,1,VR: Vital Registration,,,,,
UNICEF:CME_DF_2021_WQ(1.0): IGME Child Mortality Estimates wq,FJI: Fiji,MRY0T4: Under-five mortality rate,_T: Total,_T: Total,1747: VR Submitted to WHO/UNIGME 2021 version (VR),2021: 2021,2017-06,25.88498,,,,,,IN: Included in IGME,D_PER_1000_B: Deaths per 1000 live births,VR: VR,VR: Vital Records,1.147738,2017.5,,,,1,VR: Vital Registration,,,,,
UNICEF:CME_DF_2021_WQ(1.0): IGME Child Mortality Estimates wq,FJI: Fiji,MRY0T4: Under-five mortality rate,_T: Total,_T: Total,1747: VR Submitted to WHO/UNIGME 2021 version (VR),2021: 2021,2019-06,27.05451,,,,,,IN: Included in IGME,D_PER_1000_B: Deaths per 1000 live births,VR: VR,VR: Vital Records,1.203943,2019.5,,,,1,VR: Vital Registration,,,,,
UNICEF:CME_DF_2021_WQ(1.0): IGME Child Mortality Estimates wq,FJI: Fiji,MRY0T4: Under-five mortality rate,_T: Total,_T: Total,395: Census 1996 (Indirect),1996: 1996,1982-01,35,,,,,,IN: Included in IGME,D_PER_1000_B: Deaths per 1000 live births,CEN: Census,ID: Indirect,,1982.0,Y45T49: 45 to 49 years old,,,,SBH: Survey/Census with Summary Birth Histories,,,,,
UNICEF:CME_DF_2021_WQ(1.0): IGME Child Mortality Estimates wq,FJI: Fiji,MRY0T4: Under-five mortality rate,_T: Total,_T: Total,395: Census 1996 (Indirect),1996: 1996,1985-01,30,,,,,,IN: Included in IGME,D_PER_1000_B: Deaths per 1000 live births,CEN: Census,ID: Indirect,,1985.0,Y40T44: 40 to 44 years old,,,,SBH: Survey/Census with Summary Birth Histories,,,,,
UNICEF:CME_DF_2021_WQ(1.0): IGME Child Mortality Estimates wq,FJI: Fiji,MRY0T4: Under-five mortality rate,_T: Total,_T: Total,395: Census 1996 (Indirect),1996: 1996,1987-10,26,,,,,,IN: Included in IGME,D_PER_1000_B: Deaths per 1000 live births,CEN: Census,ID: Indirect,,1987.8,Y35T39: 35 to 39 years old,,,,SBH: Survey/Census with Summary Birth Histories,,,,,
UNICEF:CME_DF_2021_WQ(1.0): IGME Child Mortality Estimates wq,FJI: Fiji,MRY0T4: Under-five mortality rate,_T: Total,_T: Total,395: Census 1996 (Indirect),1996: 1996,1990-04,24,,,,,,IN: Included in IGME,D_PER_1000_B: Deaths per 1000 live births,CEN: Census,ID: Indirect,,1990.3,Y30T34: 30 to 34 years old,,,,SBH: Survey/Census with Summary Birth Histories,,,,,
UNICEF:CME_DF_2021_WQ(1.0): IGME Child Mortality Estimates wq,FJI: Fiji,MRY0T4: Under-five mortality rate,_T: Total,_T: Total,395: Census 1996 (Indirect),1996: 1996,1992-08,20,,,,,,IN: Included in IGME,D_PER_1000_B: Deaths per 1000 live births,CEN: Census,ID: Indirect,,1992.6,Y25T29: 25 to 29 years old,,,,SBH: Survey/Census with Summary Birth Histories,,,,,
UNICEF:CME_DF_2021_WQ(1.0): IGME Child Mortality Estimates wq,FJI: Fiji,MRY0T4: Under-five mortality rate,_T: Total,_T: Total,395: Census 1996 (Indirect),1996: 1996,1994-06,22,,,,,,EX: Excluded from IGME,D_PER_1000_B: Deaths per 1000 live births,CEN: Census,ID: Indirect,,1994.5,Y20T24: 20 to 24 years old,,,,SBH: Survey/Census with Summary Birth Histories,,,,,
UNICEF:CME_DF_2021_WQ(1.0): IGME Child Mortality Estimates wq,FJI: Fiji,MRY0T4: Under-five mortality rate,_T: Total,_T: Total,500: Census 2007 (Indirect),2007: 2007,1992-01,25.88152,,,,,,IN: Included in IGME,D_PER_1000_B: Deaths per 1000 live births,CEN: Census,ID: Indirect,,1992.1,Y45T49: 45 to 49 years old,,,,SBH: Survey/Census with Summary Birth Histories,,,,,
UNICEF:CME_DF_2021_WQ(1.0): IGME Child Mortality Estimates wq,FJI: Fiji,MRY0T4: Under-five mortality rate,_T: Total,_T: Total,500: Census 2007 (Indirect),2007: 2007,1995-01,25.83574,,,,,,IN: Included in IGME,D_PER_1000_B: Deaths per 1000 live births,CEN: Census,ID: Indirect,,1995.1,Y40T44: 40 to 44 years old,,,,SBH: Survey/Census with Summary Birth Histories,,,,,
UNICEF:CME_DF_2021_WQ(1.0): IGME Child Mortality Estimates wq,FJI: Fiji,MRY0T4: Under-five mortality rate,_T: Total,_T: Total,500: Census 2007 (Indirect),2007: 2007,1998-01,24.65979,,,,,,IN: Included in IGME,D_PER_1000_B: Deaths per 1000 live births,CEN: Census,ID: Indirect,,1998.1,Y35T39: 35 to 39 years old,,,,SBH: Survey/Census with Summary Birth Histories,,,,,
UNICEF:CME_DF_2021_WQ(1.0): IGME Child Mortality Estimates wq,FJI: Fiji,MRY0T4: Under-five mortality rate,_T: Total,_T: Total,500: Census 2007 (Indirect),2007: 2007,2000-12,25.99267,,,,,,IN: Included in IGME,D_PER_1000_B: Deaths per 1000 live births,CEN: Census,ID: Indirect,,2000.9,Y30T34: 30 to 34 years old,,,,SBH: Survey/Census with Summary Birth Histories,,,,,
UNICEF:CME_DF_2021_WQ(1.0): IGME Child Mortality Estimates wq,FJI: Fiji,MRY0T4: Under-five mortality rate,_T: Total,_T: Total,500: Census 2007 (Indirect),2007: 2007,2003-07,29.19487,,,,,,IN: Included in IGME,D_PER_1000_B: Deaths per 1000 live births,CEN: Census,ID: Indirect,,2003.5,Y25T29: 25 to 29 years old,,,,SBH: Survey/Census with Summary Birth Histories,,,,,
UNICEF:CME_DF_2021_WQ(1.0): IGME Child Mortality Estimates wq,FJI: Fiji,MRY0T4: Under-five mortality rate,_T: Total,_T: Total,500: Census 2007 (Indirect),2007: 2007,2005-08,54.61685,,,,,,EX: Excluded from IGME,D_PER_1000_B: Deaths per 1000 live births,CEN: Census,ID: Indirect,,2005.7,Y20T24: 20 to 24 years old,,,,SBH: Survey/Census with Summary Birth Histories,,,,,
UNICEF:CME_DF_2021_WQ(1.0): IGME Child Mortality Estimates wq,FJI: Fiji,MRY0T4: Under-five mortality rate,_T: Total,_T: Total,1831: Vital Statistics Report 2016 (VR),2016: 2016,2016-06,18.9,,,,,,EX: Excluded from IGME,D_PER_1000_B: Deaths per 1000 live births,VR: VR,VR: Vital Records,1.1,2016.5,,,,1,VR: Vital Registration,,,,,
